"HistoricalPath","PublicPath","Workflow","Role","SourceSHA256","SanitizedSHA256","Status"
"GPCC-NO-SI\main.R","examples/recovered_r/GPCC-NO-SI/main.R","GPCC-NO-SI","analysis-driver","E547F0C8747F88F79FF385008AA16A76AD1828EDBD64FACA2F162A5D19305B64","1F3328465C0A7F412F12C8C1FAAF8C0D06842176F88826D099C34D86A462AEA3","RECOVERED_SANITIZED"
"GPCC-NO-SI\cli_scenario_temperature.R","examples/recovered_r/GPCC-NO-SI/cli_scenario_temperature.R","GPCC-NO-SI","climate","B197A83AFBF2DFB8F701403685631568EA9865FE7B320A2EE1CF101E784028E4","632C69EE8C5528F13BC3594B70D2238CF044FD242ED04DFB3B95979BB8C9914C","RECOVERED_SANITIZED"
"GPCC-NO-SI\Crop and tillage.R","examples/recovered_r/GPCC-NO-SI/Crop and tillage.R","GPCC-NO-SI","crop-yield;management","36AE17F00109ED7109DDA4E4BD9119DFA2441A7274DF9373A10F7922AA34E93D","D4AF148AB2D7DE81507B6FF27A7CDAA0976212CF0030BC279A8E70A2ECDB4E27","RECOVERED_SANITIZED"
"GPCC-NO-SI\crop schedule.R","examples/recovered_r/GPCC-NO-SI/crop schedule.R","GPCC-NO-SI","crop-yield;management","62CF9635B49B64220DAF92DC962B296D9371F83460CC298A10EBAF9B9088BADA","70CBE262A12644311F5DFF3CBFAB42E708B054B49CB711AE3DA89169139037BB","RECOVERED_SANITIZED"
"GPCC-NO-SI\Precip_percentile.R","examples/recovered_r/GPCC-NO-SI/Precip_percentile.R","GPCC-NO-SI","climate;percent-change/statistics","3B83720D241474F13F7B51A0E4CEFA987429041353F0E722A81EE66C213CAB0F","D9F2B305EB386A485F58D4BE5DCD2CDEE7BF9E81CFB04EE2E2393E4AB6B913AE","RECOVERED_SANITIZED"
"GPCC-NO-SI\runoff_GCMs.R","examples/recovered_r/GPCC-NO-SI/runoff_GCMs.R","GPCC-NO-SI","gcm-ensemble;runoff","F0F7DEAE840600C145ECA4E7EC91FDAEFD05FEC6A5C859318F3D674E95F28483","08F12DD212453CF7C0044D2040B63CC7BF11F7E5DCA5773A9B1756F106DDDD2B","RECOVERED_SANITIZED"
"GPCC-NO-SI\runoff_percent_change.R","examples/recovered_r/GPCC-NO-SI/runoff_percent_change.R","GPCC-NO-SI","runoff;percent-change/statistics","3CC13445652E947B4625CCA1C5190483832E4D39F37122D6E6C410ED6DF3E8C4","5089C1608E2CACACFF1E16C1B128EAB31DCD2390E2939ECDDF48B8EC90C9A609","RECOVERED_SANITIZED"
"GPCC-NO-SI\soil_percent_change.R","examples/recovered_r/GPCC-NO-SI/soil_percent_change.R","GPCC-NO-SI","soil-loss;percent-change/statistics","561216540EED7D95F7C281AD6AE23A6C9D2C5BC0F162A41F9554D63630DC447B","09564FE3E4C872F9B1251E9AA2EFEDCD853C9BEB1D47D4ECB6EE1456DCE6004F","RECOVERED_SANITIZED"
"GPCC-NO-SI\evt_GCMs_100.R","examples/recovered_r/GPCC-NO-SI/evt_GCMs_100.R","GPCC-NO-SI","gcm-ensemble;wepp-event","C3CF1241007B79E566C76784FAE2F13534BD2311398087E3002DA28BA9381ECE","E3A1FD06004CF3ACD5482D52B82A61564ADC4865BDF8C0C6F37ECCA67CB9EE8A","RECOVERED_SANITIZED"
"GPCC-NO-SI\evt_all_extract.R","examples/recovered_r/GPCC-NO-SI/evt_all_extract.R","GPCC-NO-SI","wepp-event","A4E7B6020B0B85C087FBF8DCB112D1CF94325A63F9EE29F7E4B7E7D038E098E5","D38CA538B0732EA60F5B82900B05DA8F2AB56AD5CEE8A97CAE88C769981E1560","RECOVERED_SANITIZED"
"GPCC-NO-SI\evt_press_100year.R","examples/recovered_r/GPCC-NO-SI/evt_press_100year.R","GPCC-NO-SI","wepp-event","5B65CD1C5A9A113F4177B4948A1CC152D28BB3AAEEC2772190D04EB2150DB4BD","24B371D62AF4FFEFF49C864B04F2137174551031E0D5405C01743A6BFFD4D09E","RECOVERED_SANITIZED"
"GPCC-NO-SI\pres_runoff.R","examples/recovered_r/GPCC-NO-SI/pres_runoff.R","GPCC-NO-SI","runoff","379C1E8AB8A1FFB4A602D4C7A02B5DEB433CCD4F2F06B73E5BACA636A13923FC","3DBDB9C6BAFA7E2F9438402832465C3CF34C903F8A8C1A6F690E27DD6A9B7C54","RECOVERED_SANITIZED"
"GPCC-NO-SI\Table 5.R","examples/recovered_r/GPCC-NO-SI/Table 5.R","GPCC-NO-SI","publication-table","E1C5F753FADB89E85844B0D2217C9C9AA501270A45FA5FCCF8FA5F4C11246CE2","D68F3F76DA6756CB9802DE39D272B209A9DBBED61A5FCF04CAEE3D66E87CFBAA","RECOVERED_SANITIZED"
"GPCC-NO-SI\crp_f1r4.R","examples/recovered_r/GPCC-NO-SI/crp_f1r4.R","GPCC-NO-SI","crop-yield","34F18E48A6E989E6F46DD720042AA8788A21BF4D84BABDD84227ACB82783FACE","EC59A7325AD2B67CBCF7CE749CCDF7A62E5451AE4B6B1B70634ECF002D07B71A","RECOVERED_SANITIZED"
"GPCC-NO-SI\crp_f1r8.R","examples/recovered_r/GPCC-NO-SI/crp_f1r8.R","GPCC-NO-SI","crop-yield","725E54B86C6B0A999E3E0C4B05CE78D143F57F97B09F83091A2980FA6AFF3CE4","95D33DDF5DA4DFAD4691D49579C822114242F3F0A3F29538017FC2DFCE685DE4","RECOVERED_SANITIZED"
"GPCC-NO-SI\crp_f2r4.R","examples/recovered_r/GPCC-NO-SI/crp_f2r4.R","GPCC-NO-SI","crop-yield","42694D8904F1068B0C7C814C4DA02E8F9747F55D3B73738D77604084B9177857","04A261E652F51B468FC916EFC94C36A1D4595E0E36579356275473A5F88AD62B","RECOVERED_SANITIZED"
"GPCC-NO-SI\crp_f2r8.R","examples/recovered_r/GPCC-NO-SI/crp_f2r8.R","GPCC-NO-SI","crop-yield","D19B456251F800A7E2EA4C07FDAED2C92F29D8D55D21F18545D16C29D84B4A84","27AAA3FD675CAE858D46082017FAD5178B3A8538A2A26A5E8EAFE11142C87ECA","RECOVERED_SANITIZED"
"GPCC-SI\Precip_percentile.R","examples/recovered_r/GPCC-SI/Precip_percentile.R","GPCC-SI","climate;percent-change/statistics","DE4A2ACF89D16A4ED10167B19C51403AD7C8EC230827040D589125ED675ECAA0","FEC02A289A1B20B2A0B50D722FF7FE8A9E75E595FA31E8A2E337B0A9EEB52CD1","RECOVERED_SANITIZED"
"GPCC-SI\evt_press_100year.R","examples/recovered_r/GPCC-SI/evt_press_100year.R","GPCC-SI","wepp-event","D84EA92C8FF1E80AC7573117A8268AE226CF808CC28B59BD8BFE854E8D73C33E","79A4F1A6805168C2C0E1D06EA8D60DF37DDEC686A3FF0FF2950F54BCC98DC6E6","RECOVERED_SANITIZED"
"GPCC-SI\Table 5.R","examples/recovered_r/GPCC-SI/Table 5.R","GPCC-SI","publication-table","E9C972D86B0D651D08DFFF64F6CD4177348FF5B37CEF0FF9F71B1CCB0142D718","1150DF6A0C8698BC0CDB121A7C976639A23C1058B31AF0356F2ACDA575CFC322","RECOVERED_SANITIZED"
"GPCC-SI\crp_f1r4.R","examples/recovered_r/GPCC-SI/crp_f1r4.R","GPCC-SI","crop-yield","63FFAE34703F45342AD33E621B6B91DE8171CEBDEB880DBC65E070F9CAA0F9FF","84EC72CA28E4C8218ED927EF4FBF56879F365356104F3CF1171625F21E481789","RECOVERED_SANITIZED"
"GPCC-SI\crp_f1r8.R","examples/recovered_r/GPCC-SI/crp_f1r8.R","GPCC-SI","crop-yield","C4F848B19AC12478BA9240793580D43A1E6C16E62988FC892D36A2FE8D4DD985","72B7F7D0579002FFA594A2A42AC85793732171CCE2ED1ED7C3B7AAB683834D00","RECOVERED_SANITIZED"
"GPCC-SI\crp_f2r4.R","examples/recovered_r/GPCC-SI/crp_f2r4.R","GPCC-SI","crop-yield","DEB93C3A7798CEAB89050F68743098E243B9D42CE84CF60837680DE30D48DEAF","71894A97EFB600AB0B367A2C5DB7BBA2CBBF327BE5114920D83A181A1D407451","RECOVERED_SANITIZED"
"GPCC-SI\crp_f2r8.R","examples/recovered_r/GPCC-SI/crp_f2r8.R","GPCC-SI","crop-yield","E073D2AECE79F24E6DE43F5B624872E0D8977B91D057F268FAC56627E49C4704","EB0A7BCBE9DA12F0D9AB702C10CCE056E03AA7BAC1F692D2C0FA91FC0EAD16C8","RECOVERED_SANITIZED"
"SYNTOR-NO-SI\climate data analysis.Rmd","examples/recovered_r/SYNTOR-NO-SI/climate data analysis.Rmd","SYNTOR-NO-SI","climate;analysis-driver","88C873035DC51F156AF5D099381752AF8499E24B3AE96FA6E5AE0A6C0765F24D","57B5DBB5E54FD24150C090B48B4FD095209625E657E984AA0D4DCE0CFBCB5DEB","RECOVERED_SANITIZED"
"SYNTOR-NO-SI\cli_rainfall.R","examples/recovered_r/SYNTOR-NO-SI/cli_rainfall.R","SYNTOR-NO-SI","climate","A04B7152C40542C890640A63622B7B9276BBB42E2A027882D91F3406584EF18D","A5ECC86AEFA347C8106CA9F2A2F755BC6A61B697256EDB12440E4337968A6D4D","RECOVERED_SANITIZED"
"SYNTOR-NO-SI\crp_f1r4.R","examples/recovered_r/SYNTOR-NO-SI/crp_f1r4.R","SYNTOR-NO-SI","crop-yield","3DB23808DCFC268549AC31080CF44C97E8C769F638F30E0298B52D9A6AAAA772","E9857969BFAC64512C55F28AF829C2DF96857148A2B014647CC9530AC22A7570","RECOVERED_SANITIZED"
"SYNTOR-NO-SI\crp_f2r8.R","examples/recovered_r/SYNTOR-NO-SI/crp_f2r8.R","SYNTOR-NO-SI","crop-yield","1565589DBE4B64861D1636921F56432D906937599A402FE99FCDDF5192FF43CF","0CD89CCEEAA915032BA71DB16B4B92F2E1FDEE489CD3383F90F211B4F901F817","RECOVERED_SANITIZED"
"SYNTOR-NO-SI\crp_present.R","examples/recovered_r/SYNTOR-NO-SI/crp_present.R","SYNTOR-NO-SI","crop-yield","04394350B1F3A781C2D0CF0E52A4B97B3D13F62CD6069142E8D1C78D8C3EBCFC","A15B9E52B67198552DABE4D99B8BE3522C8AD5CEC844637A100DD5D79B56CD9E","RECOVERED_SANITIZED"
"SYNTOR-NO-SI\crp_present_from_GPCC.R","examples/recovered_r/SYNTOR-NO-SI/crp_present_from_GPCC.R","SYNTOR-NO-SI","crop-yield","6E9D0E4D4FCBE2C7D690ABF00095340C3AE5AC841C6ED25F3FCCAA241A776711","C2F54ED9D24BC57D08FB66ABA0457D332C0C77BF0BC45C164F7E4C9D1A136289","RECOVERED_SANITIZED"
"SYNTOR-NO-SI\Prec_runoff.R","examples/recovered_r/SYNTOR-NO-SI/Prec_runoff.R","SYNTOR-NO-SI","runoff","643A0C791FD6FA377FD0925DF01E0C70EAE7563ECDB2B6F636A82A951FADB088","191AEA1DE9182CF4EB3F328772E2A304201E7A32D8D7EDBCF3A4B7F795D33DF1","RECOVERED_SANITIZED"
"SYNTOR-NO-SI\res_analysis.R","examples/recovered_r/SYNTOR-NO-SI/res_analysis.R","SYNTOR-NO-SI","analysis-driver","B164518F25F7D76B79C13B56BC152CB25793035E9D57025037990CE8CC341EB8","9E6CA1DAF6C104B7598F41ABB3FE47C338C260BC93306599662DC20F3C394874","RECOVERED_SANITIZED"
"SYNTOR-NO-SI\soil_loss.R","examples/recovered_r/SYNTOR-NO-SI/soil_loss.R","SYNTOR-NO-SI","soil-loss","E25AA602C4DAB5AD1356446DD2BE0A859FFDFB0163F738AA987AF948FFD69C5E","2847BA70BFC508F92A6CDF2E7AE8619E70C95C91B0AA8600EDD177085347514B","RECOVERED_SANITIZED"
"SYNTOR-NO-SI\sumry_out(all).R","examples/recovered_r/SYNTOR-NO-SI/sumry_out(all).R","SYNTOR-NO-SI","other","39D8FF06C2292EFF1020B8E7969FF19ECD3EC66ECB966C8E4FA95E96AA51305A","6D76EF2677E509122F09B2EDAD153BE166F12BFAAE9C00CB86C45649D820236D","RECOVERED_SANITIZED"
"SYNTOR-NO-SI\Table 3.R","examples/recovered_r/SYNTOR-NO-SI/Table 3.R","SYNTOR-NO-SI","publication-table","75F3779C296F189030F11FAB2E977D012B253D0AE0E3C93B7FC731D55CC87200","C7644B8A022D8650070225CC21496E8E012D50AAC23B0507840CD38AE70EA2CB","RECOVERED_SANITIZED"
"SYNTOR-NO-SI\Table 5S.R","examples/recovered_r/SYNTOR-NO-SI/Table 5S.R","SYNTOR-NO-SI","publication-table","82EB4E43678E72B99248E17C955B2F0C2BCFB5BB95D48F3A94A69CFAF958F2A7","55D0C178F964CD801BDA285FFD9AB269C74C2651B718936C112C6E709C1D7790","RECOVERED_SANITIZED"
"SYNTOR-NO-SI\Table2.R","examples/recovered_r/SYNTOR-NO-SI/Table2.R","SYNTOR-NO-SI","publication-table","7ACB563E050F6CF074300599C91DA17380A86210598E1AB68EE8450CFF03671A","0CAC93EF19BF1C02AEDA1C877D84151D6D7528C640146F291F977211EA9D767D","RECOVERED_SANITIZED"
"SYNTOR-SI\climate data analysis.Rmd","examples/recovered_r/SYNTOR-SI/climate data analysis.Rmd","SYNTOR-SI","climate;analysis-driver","88C873035DC51F156AF5D099381752AF8499E24B3AE96FA6E5AE0A6C0765F24D","57BA36800194EEAD90E14A0E4280754A73E710AB823C2605B5E7E9DC0A33A6F8","RECOVERED_SANITIZED"
"SYNTOR-SI\cli_rainfal.R","examples/recovered_r/SYNTOR-SI/cli_rainfal.R","SYNTOR-SI","climate","468E43182151F87D89DFED2D900FA14E897454CE4E95CD8ED985362201EAC651","229240F8D339BDE428A117DF3AA948A724A982709C663526ED554AE34A99FE67","RECOVERED_SANITIZED"
"SYNTOR-SI\crp_f1r4.R","examples/recovered_r/SYNTOR-SI/crp_f1r4.R","SYNTOR-SI","crop-yield","64D5C92F150ABC8868D78213F84A043221158C637299F6E987E1DF7FD5BC1157","FD7ED691B416E263A3549BBDAEED5A3FBB23B7D290DAEC7C19D187DD46D59501","RECOVERED_SANITIZED"
"SYNTOR-SI\crp_f1r4_from_GPCC-SI.R","examples/recovered_r/SYNTOR-SI/crp_f1r4_from_GPCC-SI.R","SYNTOR-SI","crop-yield","E3D85C41601BBDA84DBD410549C87C121ADC8C0C8E49AF39C982409E6A016D4A","142B0DC69CAD67EFCDDE52B7C09204148272C6B5045763553640C755FF0939ED","RECOVERED_SANITIZED"
"SYNTOR-SI\crp_f2r8.R","examples/recovered_r/SYNTOR-SI/crp_f2r8.R","SYNTOR-SI","crop-yield","34830FDB16214B8F40A999DC26CFC4986C2F9BC5A48C083C3B09EC9D25D77666","531D2B37E94C53A3E7953B7C68865F3DDBB8DBA9C56D18B4EE5F1EDE97E86BC4","RECOVERED_SANITIZED"
"SYNTOR-SI\crp_f2r8_from_GPCC-SI.R","examples/recovered_r/SYNTOR-SI/crp_f2r8_from_GPCC-SI.R","SYNTOR-SI","crop-yield","4351BDEAF42FAC002026C6DC03F72DFB26E9429EB45C59CE120B6A366217E1E2","2BEF654FC437305F03040375E51C645FB82A20AD5C815D46CB69960C3AC483D0","RECOVERED_SANITIZED"
"SYNTOR-SI\crp_present.R","examples/recovered_r/SYNTOR-SI/crp_present.R","SYNTOR-SI","crop-yield","3C66B74A9B9EC40AE4615697F60DDF0B631F13970C050A3B92E326C93C450F5B","B2DCE8E77213BDDA2967C41FD45DA314C1407C711D27C396A7E7FC922032E0B6","RECOVERED_SANITIZED"
"SYNTOR-SI\crp_present_from_GPCC-SI.R","examples/recovered_r/SYNTOR-SI/crp_present_from_GPCC-SI.R","SYNTOR-SI","crop-yield","71671DDEC85EA285D7E48C45B90991CC86613B9897405FD2D865A5D8385A6349","A145AE083FE317418B2333C124C9202258A26BD612F69D33B4E77428CAED2687","RECOVERED_SANITIZED"
"SYNTOR-SI\Prec_runoff.R","examples/recovered_r/SYNTOR-SI/Prec_runoff.R","SYNTOR-SI","runoff","643A0C791FD6FA377FD0925DF01E0C70EAE7563ECDB2B6F636A82A951FADB088","E8AACF835FAC56C923F1049650FF85631E8B329BFDF35EDE54534F3A50F3D5F6","RECOVERED_SANITIZED"
"SYNTOR-SI\soil_loss.R","examples/recovered_r/SYNTOR-SI/soil_loss.R","SYNTOR-SI","soil-loss","E25AA602C4DAB5AD1356446DD2BE0A859FFDFB0163F738AA987AF948FFD69C5E","2B57C64EC24CC579B14912EBBD65460D312437D6E8A3F382D7B42A12D95C20D0","RECOVERED_SANITIZED"
"SYNTOR-SI\sumry_out(all).R","examples/recovered_r/SYNTOR-SI/sumry_out(all).R","SYNTOR-SI","other","39D8FF06C2292EFF1020B8E7969FF19ECD3EC66ECB966C8E4FA95E96AA51305A","EA1939049D973FECDDCB66D2AE71B16877A6B14C9A15260DB1C856D141278929","RECOVERED_SANITIZED"
"SYNTOR-SI\tmax_tmin_calculate.R","examples/recovered_r/SYNTOR-SI/tmax_tmin_calculate.R","SYNTOR-SI","climate","077CFAFBF8557A8598C3CF5F6C7668CB71AA30F4B1F5ECBE7917AD18CEAAEAAB","AB4A28B6BD4AE50EA3CBFFD4DBE656CB58229E198B085E740DF7F5BAD542302E","RECOVERED_SANITIZED"
