"File","Layer","ParseOK","Validation"
"src/R/climate_processing.R","portable","True","R_PARSE"
"src/R/crop_yield.R","portable","True","R_PARSE"
"src/R/ensemble_statistics.R","portable","True","R_PARSE"
"src/R/extreme_precipitation.R","portable","True","R_PARSE"
"src/R/runoff_soilloss.R","portable","True","R_PARSE"
"src/R/scenario_mapping.R","portable","True","R_PARSE"
"examples/recovered_r/GPCC-NO-SI/cli_scenario_temperature.R","historical","True","R_PARSE"
"examples/recovered_r/GPCC-NO-SI/Crop and tillage.R","historical","False","R_PARSE"
"examples/recovered_r/GPCC-NO-SI/crop schedule.R","historical","False","R_PARSE"
"examples/recovered_r/GPCC-NO-SI/crp_f1r4.R","historical","True","R_PARSE"
"examples/recovered_r/GPCC-NO-SI/crp_f1r8.R","historical","True","R_PARSE"
"examples/recovered_r/GPCC-NO-SI/crp_f2r4.R","historical","True","R_PARSE"
"examples/recovered_r/GPCC-NO-SI/crp_f2r8.R","historical","True","R_PARSE"
"examples/recovered_r/GPCC-NO-SI/evt_all_extract.R","historical","True","R_PARSE"
"examples/recovered_r/GPCC-NO-SI/evt_GCMs_100.R","historical","False","R_PARSE"
"examples/recovered_r/GPCC-NO-SI/evt_press_100year.R","historical","True","R_PARSE"
"examples/recovered_r/GPCC-NO-SI/main.R","historical","True","R_PARSE"
"examples/recovered_r/GPCC-NO-SI/Precip_percentile.R","historical","True","R_PARSE"
"examples/recovered_r/GPCC-NO-SI/pres_runoff.R","historical","True","R_PARSE"
"examples/recovered_r/GPCC-NO-SI/runoff_GCMs.R","historical","True","R_PARSE"
"examples/recovered_r/GPCC-NO-SI/runoff_percent_change.R","historical","True","R_PARSE"
"examples/recovered_r/GPCC-NO-SI/soil_percent_change.R","historical","True","R_PARSE"
"examples/recovered_r/GPCC-NO-SI/Table 5.R","historical","False","R_PARSE"
"examples/recovered_r/GPCC-SI/crp_f1r4.R","historical","True","R_PARSE"
"examples/recovered_r/GPCC-SI/crp_f1r8.R","historical","True","R_PARSE"
"examples/recovered_r/GPCC-SI/crp_f2r4.R","historical","True","R_PARSE"
"examples/recovered_r/GPCC-SI/crp_f2r8.R","historical","True","R_PARSE"
"examples/recovered_r/GPCC-SI/evt_press_100year.R","historical","True","R_PARSE"
"examples/recovered_r/GPCC-SI/Precip_percentile.R","historical","True","R_PARSE"
"examples/recovered_r/GPCC-SI/Table 5.R","historical","False","R_PARSE"
"examples/recovered_r/SYNTOR-NO-SI/cli_rainfall.R","historical","True","R_PARSE"
"examples/recovered_r/SYNTOR-NO-SI/crp_f1r4.R","historical","True","R_PARSE"
"examples/recovered_r/SYNTOR-NO-SI/crp_f2r8.R","historical","True","R_PARSE"
"examples/recovered_r/SYNTOR-NO-SI/crp_present.R","historical","True","R_PARSE"
"examples/recovered_r/SYNTOR-NO-SI/crp_present_from_GPCC.R","historical","True","R_PARSE"
"examples/recovered_r/SYNTOR-NO-SI/Prec_runoff.R","historical","True","R_PARSE"
"examples/recovered_r/SYNTOR-NO-SI/res_analysis.R","historical","True","R_PARSE"
"examples/recovered_r/SYNTOR-NO-SI/soil_loss.R","historical","True","R_PARSE"
"examples/recovered_r/SYNTOR-NO-SI/sumry_out(all).R","historical","True","R_PARSE"
"examples/recovered_r/SYNTOR-NO-SI/Table 3.R","historical","False","R_PARSE"
"examples/recovered_r/SYNTOR-NO-SI/Table 5S.R","historical","False","R_PARSE"
"examples/recovered_r/SYNTOR-NO-SI/Table2.R","historical","True","R_PARSE"
"examples/recovered_r/SYNTOR-SI/cli_rainfal.R","historical","False","R_PARSE"
"examples/recovered_r/SYNTOR-SI/crp_f1r4.R","historical","True","R_PARSE"
"examples/recovered_r/SYNTOR-SI/crp_f1r4_from_GPCC-SI.R","historical","True","R_PARSE"
"examples/recovered_r/SYNTOR-SI/crp_f2r8.R","historical","True","R_PARSE"
"examples/recovered_r/SYNTOR-SI/crp_f2r8_from_GPCC-SI.R","historical","True","R_PARSE"
"examples/recovered_r/SYNTOR-SI/crp_present.R","historical","True","R_PARSE"
"examples/recovered_r/SYNTOR-SI/crp_present_from_GPCC-SI.R","historical","True","R_PARSE"
"examples/recovered_r/SYNTOR-SI/Prec_runoff.R","historical","True","R_PARSE"
"examples/recovered_r/SYNTOR-SI/soil_loss.R","historical","True","R_PARSE"
"examples/recovered_r/SYNTOR-SI/sumry_out(all).R","historical","True","R_PARSE"
"examples/recovered_r/SYNTOR-SI/tmax_tmin_calculate.R","historical","True","R_PARSE"
"examples/recovered_r/SYNTOR-NO-SI/climate data analysis.Rmd","historical","True","RMD_CHUNK_PARSE"
"examples/recovered_r/SYNTOR-SI/climate data analysis.Rmd","historical","True","RMD_CHUNK_PARSE"
